cycle,branch,model,modeldate,candidate_inc,candidate_chal,candidate_3rd,evprob_inc,evprob_chal,evprob_3rd,total_ev,timestamp,simulations
2020,President,polls-plus,11/3/2020,Trump,Biden,"",.00135,0,,99,00:00:48  3 Nov 2020,40000
2020,President,polls-plus,11/3/2020,Trump,Biden,"",.00125,0,,98,00:00:48  3 Nov 2020,40000
2020,President,polls-plus,11/3/2020,Trump,Biden,"",.001925,0,,97,00:00:48  3 Nov 2020,40000
2020,President,polls-plus,11/3/2020,Trump,Biden,"",.001275,0,,96,00:00:48  3 Nov 2020,40000
2020,President,polls-plus,11/3/2020,Trump,Biden,"",.0011,0,,95,00:00:48  3 Nov 2020,40000
2020,President,polls-plus,11/3/2020,Trump,Biden,"",.0012,0,,94,00:00:48  3 Nov 2020,40000
2020,President,polls-plus,11/3/2020,Trump,Biden,"",.00075,.000025,,93,00:00:48  3 Nov 2020,40000
2020,President,polls-plus,11/3/2020,Trump,Biden,"",.00125,0,,92,00:00:48  3 Nov 2020,40000
2020,President,polls-plus,11/3/2020,Trump,Biden,"",.0009,0,,91,00:00:48  3 Nov 2020,40000
2020,President,polls-plus,11/3/2020,Trump,Biden,"",.0007,0,,90,00:00:48  3 Nov 2020,40000
2020,President,polls-plus,11/3/2020,Trump,Biden,"",.0001,0,,9,00:00:48  3 Nov 2020,40000
2020,President,polls-plus,11/3/2020,Trump,Biden,"",.00175,0,,89,00:00:48  3 Nov 2020,40000
2020,President,polls-plus,11/3/2020,Trump,Biden,"",.001,0,,88,00:00:48  3 Nov 2020,40000
2020,President,polls-plus,11/3/2020,Trump,Biden,"",.000475,0,,87,00:00:48  3 Nov 2020,40000
2020,President,polls-plus,11/3/2020,Trump,Biden,"",.001275,0,,86,00:00:48  3 Nov 2020,40000
2020,President,polls-plus,11/3/2020,Trump,Biden,"",.000725,0,,85,00:00:48  3 Nov 2020,40000
2020,President,polls-plus,11/3/2020,Trump,Biden,"",.000375,0,,84,00:00:48  3 Nov 2020,40000
2020,President,polls-plus,11/3/2020,Trump,Biden,"",.001275,.000025,,83,00:00:48  3 Nov 2020,40000
2020,President,polls-plus,11/3/2020,Trump,Biden,"",.001075,0,,82,00:00:48  3 Nov 2020,40000
2020,President,polls-plus,11/3/2020,Trump,Biden,"",.00065,0,,81,00:00:48  3 Nov 2020,40000
2020,President,polls-plus,11/3/2020,Trump,Biden,"",.00065,0,,80,00:00:48  3 Nov 2020,40000
2020,President,polls-plus,11/3/2020,Trump,Biden,"",.000025,0,,8,00:00:48  3 Nov 2020,40000
2020,President,polls-plus,11/3/2020,Trump,Biden,"",.0006,0,,79,00:00:48  3 Nov 2020,40000
2020,President,polls-plus,11/3/2020,Trump,Biden,"",.000875,0,,78,00:00:48  3 Nov 2020,40000
2020,President,polls-plus,11/3/2020,Trump,Biden,"",.000725,0,,77,00:00:48  3 Nov 2020,40000
2020,President,polls-plus,11/3/2020,Trump,Biden,"",.0007,0,,76,00:00:48  3 Nov 2020,40000
2020,President,polls-plus,11/3/2020,Trump,Biden,"",.00065,0,,75,00:00:48  3 Nov 2020,40000
2020,President,polls-plus,11/3/2020,Trump,Biden,"",.00065,0,,74,00:00:48  3 Nov 2020,40000
2020,President,polls-plus,11/3/2020,Trump,Biden,"",.0004,0,,73,00:00:48  3 Nov 2020,40000
2020,President,polls-plus,11/3/2020,Trump,Biden,"",.00065,0,,72,00:00:48  3 Nov 2020,40000
2020,President,polls-plus,11/3/2020,Trump,Biden,"",.000225,0,,71,00:00:48  3 Nov 2020,40000
2020,President,polls-plus,11/3/2020,Trump,Biden,"",.00055,0,,70,00:00:48  3 Nov 2020,40000
2020,President,polls-plus,11/3/2020,Trump,Biden,"",.00015,0,,7,00:00:48  3 Nov 2020,40000
2020,President,polls-plus,11/3/2020,Trump,Biden,"",.00075,0,,69,00:00:48  3 Nov 2020,40000
2020,President,polls-plus,11/3/2020,Trump,Biden,"",.000575,0,,68,00:00:48  3 Nov 2020,40000
2020,President,polls-plus,11/3/2020,Trump,Biden,"",.00035,0,,67,00:00:48  3 Nov 2020,40000
2020,President,polls-plus,11/3/2020,Trump,Biden,"",.00055,0,,66,00:00:48  3 Nov 2020,40000
2020,President,polls-plus,11/3/2020,Trump,Biden,"",.0003,0,,65,00:00:48  3 Nov 2020,40000
2020,President,polls-plus,11/3/2020,Trump,Biden,"",.00035,0,,64,00:00:48  3 Nov 2020,40000
2020,President,polls-plus,11/3/2020,Trump,Biden,"",.00045,0,,63,00:00:48  3 Nov 2020,40000
2020,President,polls-plus,11/3/2020,Trump,Biden,"",.000275,0,,62,00:00:48  3 Nov 2020,40000
2020,President,polls-plus,11/3/2020,Trump,Biden,"",.0001,0,,61,00:00:48  3 Nov 2020,40000
2020,President,polls-plus,11/3/2020,Trump,Biden,"",.000475,0,,60,00:00:48  3 Nov 2020,40000
2020,President,polls-plus,11/3/2020,Trump,Biden,"",0,0,,6,00:00:48  3 Nov 2020,40000
2020,President,polls-plus,11/3/2020,Trump,Biden,"",.000375,0,,59,00:00:48  3 Nov 2020,40000
2020,President,polls-plus,11/3/2020,Trump,Biden,"",.00035,0,,58,00:00:48  3 Nov 2020,40000
2020,President,polls-plus,11/3/2020,Trump,Biden,"",.000525,0,,57,00:00:48  3 Nov 2020,40000
2020,President,polls-plus,11/3/2020,Trump,Biden,"",.000275,0,,56,00:00:48  3 Nov 2020,40000
2020,President,polls-plus,11/3/2020,Trump,Biden,"",.0003,0,,55,00:00:48  3 Nov 2020,40000
2020,President,polls-plus,11/3/2020,Trump,Biden,"",.00025,0,,54,00:00:48  3 Nov 2020,40000
2020,President,polls-plus,11/3/2020,Trump,Biden,"",0,.000025,,538,00:00:48  3 Nov 2020,40000
2020,President,polls-plus,11/3/2020,Trump,Biden,"",0,.000225,,537,00:00:48  3 Nov 2020,40000
2020,President,polls-plus,11/3/2020,Trump,Biden,"",0,.000025,,536,00:00:48  3 Nov 2020,40000
2020,President,polls-plus,11/3/2020,Trump,Biden,"",0,.000025,,535,00:00:48  3 Nov 2020,40000
2020,President,polls-plus,11/3/2020,Trump,Biden,"",0,.000175,,534,00:00:48  3 Nov 2020,40000
2020,President,polls-plus,11/3/2020,Trump,Biden,"",0,.00005,,533,00:00:48  3 Nov 2020,40000
2020,President,polls-plus,11/3/2020,Trump,Biden,"",0,0,,532,00:00:48  3 Nov 2020,40000
2020,President,polls-plus,11/3/2020,Trump,Biden,"",0,.00015,,531,00:00:48  3 Nov 2020,40000
2020,President,polls-plus,11/3/2020,Trump,Biden,"",0,.000025,,530,00:00:48  3 Nov 2020,40000
2020,President,polls-plus,11/3/2020,Trump,Biden,"",.000325,0,,53,00:00:48  3 Nov 2020,40000
2020,President,polls-plus,11/3/2020,Trump,Biden,"",0,.0001,,529,00:00:48  3 Nov 2020,40000
2020,President,polls-plus,11/3/2020,Trump,Biden,"",0,.000025,,528,00:00:48  3 Nov 2020,40000
2020,President,polls-plus,11/3/2020,Trump,Biden,"",0,.0001,,527,00:00:48  3 Nov 2020,40000
2020,President,polls-plus,11/3/2020,Trump,Biden,"",0,.000125,,526,00:00:48  3 Nov 2020,40000
2020,President,polls-plus,11/3/2020,Trump,Biden,"",0,.0001,,525,00:00:48  3 Nov 2020,40000
2020,President,polls-plus,11/3/2020,Trump,Biden,"",0,.000075,,524,00:00:48  3 Nov 2020,40000
2020,President,polls-plus,11/3/2020,Trump,Biden,"",0,.000075,,523,00:00:48  3 Nov 2020,40000
2020,President,polls-plus,11/3/2020,Trump,Biden,"",0,.000025,,522,00:00:48  3 Nov 2020,40000
2020,President,polls-plus,11/3/2020,Trump,Biden,"",0,.00005,,521,00:00:48  3 Nov 2020,40000
2020,President,polls-plus,11/3/2020,Trump,Biden,"",0,.0001,,520,00:00:48  3 Nov 2020,40000
2020,President,polls-plus,11/3/2020,Trump,Biden,"",.000275,0,,52,00:00:48  3 Nov 2020,40000
2020,President,polls-plus,11/3/2020,Trump,Biden,"",0,.0002,,519,00:00:48  3 Nov 2020,40000
2020,President,polls-plus,11/3/2020,Trump,Biden,"",0,.000075,,518,00:00:48  3 Nov 2020,40000
2020,President,polls-plus,11/3/2020,Trump,Biden,"",0,.00005,,517,00:00:48  3 Nov 2020,40000
2020,President,polls-plus,11/3/2020,Trump,Biden,"",0,.000175,,516,00:00:48  3 Nov 2020,40000
2020,President,polls-plus,11/3/2020,Trump,Biden,"",0,0,,515,00:00:48  3 Nov 2020,40000
2020,President,polls-plus,11/3/2020,Trump,Biden,"",0,.000075,,514,00:00:48  3 Nov 2020,40000
2020,President,polls-plus,11/3/2020,Trump,Biden,"",0,.000075,,513,00:00:48  3 Nov 2020,40000
2020,President,polls-plus,11/3/2020,Trump,Biden,"",0,.000075,,512,00:00:48  3 Nov 2020,40000
2020,President,polls-plus,11/3/2020,Trump,Biden,"",0,.000125,,511,00:00:48  3 Nov 2020,40000
2020,President,polls-plus,11/3/2020,Trump,Biden,"",0,.00015,,510,00:00:48  3 Nov 2020,40000
2020,President,polls-plus,11/3/2020,Trump,Biden,"",.000225,0,,51,00:00:48  3 Nov 2020,40000
2020,President,polls-plus,11/3/2020,Trump,Biden,"",0,.0001,,509,00:00:48  3 Nov 2020,40000
2020,President,polls-plus,11/3/2020,Trump,Biden,"",0,.00005,,508,00:00:48  3 Nov 2020,40000
2020,President,polls-plus,11/3/2020,Trump,Biden,"",0,0,,507,00:00:48  3 Nov 2020,40000
2020,President,polls-plus,11/3/2020,Trump,Biden,"",0,.00015,,506,00:00:48  3 Nov 2020,40000
2020,President,polls-plus,11/3/2020,Trump,Biden,"",0,.0002,,505,00:00:48  3 Nov 2020,40000
2020,President,polls-plus,11/3/2020,Trump,Biden,"",0,.00005,,504,00:00:48  3 Nov 2020,40000
2020,President,polls-plus,11/3/2020,Trump,Biden,"",0,.0001,,503,00:00:48  3 Nov 2020,40000
2020,President,polls-plus,11/3/2020,Trump,Biden,"",0,.0002,,502,00:00:48  3 Nov 2020,40000
2020,President,polls-plus,11/3/2020,Trump,Biden,"",0,.00015,,501,00:00:48  3 Nov 2020,40000
2020,President,polls-plus,11/3/2020,Trump,Biden,"",0,.000225,,500,00:00:48  3 Nov 2020,40000
2020,President,polls-plus,11/3/2020,Trump,Biden,"",.00015,0,,50,00:00:48  3 Nov 2020,40000
2020,President,polls-plus,11/3/2020,Trump,Biden,"",.00005,0,,5,00:00:48  3 Nov 2020,40000
2020,President,polls-plus,11/3/2020,Trump,Biden,"",0,.000125,,499,00:00:48  3 Nov 2020,40000
2020,President,polls-plus,11/3/2020,Trump,Biden,"",0,.00015,,498,00:00:48  3 Nov 2020,40000
2020,President,polls-plus,11/3/2020,Trump,Biden,"",0,.000075,,497,00:00:48  3 Nov 2020,40000
2020,President,polls-plus,11/3/2020,Trump,Biden,"",0,.00015,,496,00:00:48  3 Nov 2020,40000
2020,President,polls-plus,11/3/2020,Trump,Biden,"",0,.000275,,495,00:00:48  3 Nov 2020,40000
2020,President,polls-plus,11/3/2020,Trump,Biden,"",0,.000225,,494,00:00:48  3 Nov 2020,40000
2020,President,polls-plus,11/3/2020,Trump,Biden,"",0,.0002,,493,00:00:48  3 Nov 2020,40000
2020,President,polls-plus,11/3/2020,Trump,Biden,"",0,.0002,,492,00:00:48  3 Nov 2020,40000
2020,President,polls-plus,11/3/2020,Trump,Biden,"",0,.000125,,491,00:00:48  3 Nov 2020,40000
2020,President,polls-plus,11/3/2020,Trump,Biden,"",0,.000125,,490,00:00:48  3 Nov 2020,40000
2020,President,polls-plus,11/3/2020,Trump,Biden,"",.000225,0,,49,00:00:48  3 Nov 2020,40000
2020,President,polls-plus,11/3/2020,Trump,Biden,"",0,.000225,,489,00:00:48  3 Nov 2020,40000
2020,President,polls-plus,11/3/2020,Trump,Biden,"",0,.00015,,488,00:00:48  3 Nov 2020,40000
2020,President,polls-plus,11/3/2020,Trump,Biden,"",0,.000225,,487,00:00:48  3 Nov 2020,40000
2020,President,polls-plus,11/3/2020,Trump,Biden,"",0,.000275,,486,00:00:48  3 Nov 2020,40000
2020,President,polls-plus,11/3/2020,Trump,Biden,"",0,.000325,,485,00:00:48  3 Nov 2020,40000
2020,President,polls-plus,11/3/2020,Trump,Biden,"",0,.00025,,484,00:00:48  3 Nov 2020,40000
2020,President,polls-plus,11/3/2020,Trump,Biden,"",0,.0003,,483,00:00:48  3 Nov 2020,40000
2020,President,polls-plus,11/3/2020,Trump,Biden,"",0,.000275,,482,00:00:48  3 Nov 2020,40000
2020,President,polls-plus,11/3/2020,Trump,Biden,"",0,.000525,,481,00:00:48  3 Nov 2020,40000
2020,President,polls-plus,11/3/2020,Trump,Biden,"",0,.00035,,480,00:00:48  3 Nov 2020,40000
2020,President,polls-plus,11/3/2020,Trump,Biden,"",.000125,0,,48,00:00:48  3 Nov 2020,40000
2020,President,polls-plus,11/3/2020,Trump,Biden,"",0,.000375,,479,00:00:48  3 Nov 2020,40000
2020,President,polls-plus,11/3/2020,Trump,Biden,"",0,.000475,,478,00:00:48  3 Nov 2020,40000
2020,President,polls-plus,11/3/2020,Trump,Biden,"",0,.0001,,477,00:00:48  3 Nov 2020,40000
2020,President,polls-plus,11/3/2020,Trump,Biden,"",0,.000275,,476,00:00:48  3 Nov 2020,40000
2020,President,polls-plus,11/3/2020,Trump,Biden,"",0,.00045,,475,00:00:48  3 Nov 2020,40000
2020,President,polls-plus,11/3/2020,Trump,Biden,"",0,.00035,,474,00:00:48  3 Nov 2020,40000
2020,President,polls-plus,11/3/2020,Trump,Biden,"",0,.0003,,473,00:00:48  3 Nov 2020,40000
2020,President,polls-plus,11/3/2020,Trump,Biden,"",0,.00055,,472,00:00:48  3 Nov 2020,40000
2020,President,polls-plus,11/3/2020,Trump,Biden,"",0,.00035,,471,00:00:48  3 Nov 2020,40000
2020,President,polls-plus,11/3/2020,Trump,Biden,"",0,.000575,,470,00:00:48  3 Nov 2020,40000
2020,President,polls-plus,11/3/2020,Trump,Biden,"",.000125,0,,47,00:00:48  3 Nov 2020,40000
2020,President,polls-plus,11/3/2020,Trump,Biden,"",0,.00075,,469,00:00:48  3 Nov 2020,40000
2020,President,polls-plus,11/3/2020,Trump,Biden,"",0,.00055,,468,00:00:48  3 Nov 2020,40000
2020,President,polls-plus,11/3/2020,Trump,Biden,"",0,.000225,,467,00:00:48  3 Nov 2020,40000
2020,President,polls-plus,11/3/2020,Trump,Biden,"",0,.00065,,466,00:00:48  3 Nov 2020,40000
2020,President,polls-plus,11/3/2020,Trump,Biden,"",0,.0004,,465,00:00:48  3 Nov 2020,40000
2020,President,polls-plus,11/3/2020,Trump,Biden,"",0,.00065,,464,00:00:48  3 Nov 2020,40000
2020,President,polls-plus,11/3/2020,Trump,Biden,"",0,.00065,,463,00:00:48  3 Nov 2020,40000
2020,President,polls-plus,11/3/2020,Trump,Biden,"",0,.0007,,462,00:00:48  3 Nov 2020,40000
2020,President,polls-plus,11/3/2020,Trump,Biden,"",0,.000725,,461,00:00:48  3 Nov 2020,40000
2020,President,polls-plus,11/3/2020,Trump,Biden,"",0,.000875,,460,00:00:48  3 Nov 2020,40000
2020,President,polls-plus,11/3/2020,Trump,Biden,"",.0002,0,,46,00:00:48  3 Nov 2020,40000
2020,President,polls-plus,11/3/2020,Trump,Biden,"",0,.0006,,459,00:00:48  3 Nov 2020,40000
2020,President,polls-plus,11/3/2020,Trump,Biden,"",0,.00065,,458,00:00:48  3 Nov 2020,40000
2020,President,polls-plus,11/3/2020,Trump,Biden,"",0,.00065,,457,00:00:48  3 Nov 2020,40000
2020,President,polls-plus,11/3/2020,Trump,Biden,"",0,.001075,,456,00:00:48  3 Nov 2020,40000
2020,President,polls-plus,11/3/2020,Trump,Biden,"",.000025,.001275,,455,00:00:48  3 Nov 2020,40000
2020,President,polls-plus,11/3/2020,Trump,Biden,"",0,.000375,,454,00:00:48  3 Nov 2020,40000
2020,President,polls-plus,11/3/2020,Trump,Biden,"",0,.000725,,453,00:00:48  3 Nov 2020,40000
2020,President,polls-plus,11/3/2020,Trump,Biden,"",0,.001275,,452,00:00:48  3 Nov 2020,40000
2020,President,polls-plus,11/3/2020,Trump,Biden,"",0,.000475,,451,00:00:48  3 Nov 2020,40000
2020,President,polls-plus,11/3/2020,Trump,Biden,"",0,.001,,450,00:00:48  3 Nov 2020,40000
2020,President,polls-plus,11/3/2020,Trump,Biden,"",.0002,0,,45,00:00:48  3 Nov 2020,40000
2020,President,polls-plus,11/3/2020,Trump,Biden,"",0,.00175,,449,00:00:48  3 Nov 2020,40000
2020,President,polls-plus,11/3/2020,Trump,Biden,"",0,.0007,,448,00:00:48  3 Nov 2020,40000
2020,President,polls-plus,11/3/2020,Trump,Biden,"",0,.0009,,447,00:00:48  3 Nov 2020,40000
2020,President,polls-plus,11/3/2020,Trump,Biden,"",0,.00125,,446,00:00:48  3 Nov 2020,40000
2020,President,polls-plus,11/3/2020,Trump,Biden,"",.000025,.00075,,445,00:00:48  3 Nov 2020,40000
2020,President,polls-plus,11/3/2020,Trump,Biden,"",0,.0012,,444,00:00:48  3 Nov 2020,40000
2020,President,polls-plus,11/3/2020,Trump,Biden,"",0,.0011,,443,00:00:48  3 Nov 2020,40000
2020,President,polls-plus,11/3/2020,Trump,Biden,"",0,.001275,,442,00:00:48  3 Nov 2020,40000
2020,President,polls-plus,11/3/2020,Trump,Biden,"",0,.001925,,441,00:00:48  3 Nov 2020,40000
2020,President,polls-plus,11/3/2020,Trump,Biden,"",0,.00125,,440,00:00:48  3 Nov 2020,40000
2020,President,polls-plus,11/3/2020,Trump,Biden,"",.000225,0,,44,00:00:48  3 Nov 2020,40000
2020,President,polls-plus,11/3/2020,Trump,Biden,"",0,.00135,,439,00:00:48  3 Nov 2020,40000
2020,President,polls-plus,11/3/2020,Trump,Biden,"",0,.00265,,438,00:00:48  3 Nov 2020,40000
2020,President,polls-plus,11/3/2020,Trump,Biden,"",0,.00115,,437,00:00:48  3 Nov 2020,40000
2020,President,polls-plus,11/3/2020,Trump,Biden,"",0,.00165,,436,00:00:48  3 Nov 2020,40000
2020,President,polls-plus,11/3/2020,Trump,Biden,"",0,.0025,,435,00:00:48  3 Nov 2020,40000
2020,President,polls-plus,11/3/2020,Trump,Biden,"",.000025,.002175,,434,00:00:48  3 Nov 2020,40000
2020,President,polls-plus,11/3/2020,Trump,Biden,"",0,.001175,,433,00:00:48  3 Nov 2020,40000
2020,President,polls-plus,11/3/2020,Trump,Biden,"",0,.00215,,432,00:00:48  3 Nov 2020,40000
2020,President,polls-plus,11/3/2020,Trump,Biden,"",0,.002225,,431,00:00:48  3 Nov 2020,40000
2020,President,polls-plus,11/3/2020,Trump,Biden,"",0,.002075,,430,00:00:48  3 Nov 2020,40000
2020,President,polls-plus,11/3/2020,Trump,Biden,"",.000275,0,,43,00:00:48  3 Nov 2020,40000
2020,President,polls-plus,11/3/2020,Trump,Biden,"",0,.00235,,429,00:00:48  3 Nov 2020,40000
2020,President,polls-plus,11/3/2020,Trump,Biden,"",0,.004675,,428,00:00:48  3 Nov 2020,40000
2020,President,polls-plus,11/3/2020,Trump,Biden,"",0,.002725,,427,00:00:48  3 Nov 2020,40000
2020,President,polls-plus,11/3/2020,Trump,Biden,"",0,.002875,,426,00:00:48  3 Nov 2020,40000
2020,President,polls-plus,11/3/2020,Trump,Biden,"",0,.0079,,425,00:00:48  3 Nov 2020,40000
2020,President,polls-plus,11/3/2020,Trump,Biden,"",.000025,.00195,,424,00:00:48  3 Nov 2020,40000
2020,President,polls-plus,11/3/2020,Trump,Biden,"",0,.002625,,423,00:00:48  3 Nov 2020,40000
2020,President,polls-plus,11/3/2020,Trump,Biden,"",0,.007475,,422,00:00:48  3 Nov 2020,40000
2020,President,polls-plus,11/3/2020,Trump,Biden,"",0,.003025,,421,00:00:48  3 Nov 2020,40000
2020,President,polls-plus,11/3/2020,Trump,Biden,"",0,.001725,,420,00:00:48  3 Nov 2020,40000
2020,President,polls-plus,11/3/2020,Trump,Biden,"",.00015,0,,42,00:00:48  3 Nov 2020,40000
2020,President,polls-plus,11/3/2020,Trump,Biden,"",.000025,.01335,,419,00:00:48  3 Nov 2020,40000
2020,President,polls-plus,11/3/2020,Trump,Biden,"",0,.002325,,418,00:00:48  3 Nov 2020,40000
2020,President,polls-plus,11/3/2020,Trump,Biden,"",0,.00195,,417,00:00:48  3 Nov 2020,40000
2020,President,polls-plus,11/3/2020,Trump,Biden,"",0,.025475,,416,00:00:48  3 Nov 2020,40000
2020,President,polls-plus,11/3/2020,Trump,Biden,"",.000025,.0041,,415,00:00:48  3 Nov 2020,40000
2020,President,polls-plus,11/3/2020,Trump,Biden,"",0,.00135,,414,00:00:48  3 Nov 2020,40000
2020,President,polls-plus,11/3/2020,Trump,Biden,"",0,.049,,413,00:00:48  3 Nov 2020,40000
2020,President,polls-plus,11/3/2020,Trump,Biden,"",0,.01365,,412,00:00:48  3 Nov 2020,40000
2020,President,polls-plus,11/3/2020,Trump,Biden,"",0,.0013,,411,00:00:48  3 Nov 2020,40000
2020,President,polls-plus,11/3/2020,Trump,Biden,"",0,.003975,,410,00:00:48  3 Nov 2020,40000
2020,President,polls-plus,11/3/2020,Trump,Biden,"",.000075,0,,41,00:00:48  3 Nov 2020,40000
2020,President,polls-plus,11/3/2020,Trump,Biden,"",0,.002075,,409,00:00:48  3 Nov 2020,40000
2020,President,polls-plus,11/3/2020,Trump,Biden,"",0,.001,,408,00:00:48  3 Nov 2020,40000
2020,President,polls-plus,11/3/2020,Trump,Biden,"",0,.0133,,407,00:00:48  3 Nov 2020,40000
2020,President,polls-plus,11/3/2020,Trump,Biden,"",0,.0119,,406,00:00:48  3 Nov 2020,40000
2020,President,polls-plus,11/3/2020,Trump,Biden,"",0,.001475,,405,00:00:48  3 Nov 2020,40000
2020,President,polls-plus,11/3/2020,Trump,Biden,"",0,.00255,,404,00:00:48  3 Nov 2020,40000
2020,President,polls-plus,11/3/2020,Trump,Biden,"",0,.002575,,403,00:00:48  3 Nov 2020,40000
2020,President,polls-plus,11/3/2020,Trump,Biden,"",0,.002875,,402,00:00:48  3 Nov 2020,40000
2020,President,polls-plus,11/3/2020,Trump,Biden,"",.000025,.002625,,401,00:00:48  3 Nov 2020,40000
2020,President,polls-plus,11/3/2020,Trump,Biden,"",.000025,.00345,,400,00:00:48  3 Nov 2020,40000
2020,President,polls-plus,11/3/2020,Trump,Biden,"",.00015,0,,40,00:00:48  3 Nov 2020,40000
2020,President,polls-plus,11/3/2020,Trump,Biden,"",.000175,0,,4,00:00:48  3 Nov 2020,40000
2020,President,polls-plus,11/3/2020,Trump,Biden,"",0,.0017,,399,00:00:48  3 Nov 2020,40000
2020,President,polls-plus,11/3/2020,Trump,Biden,"",.000025,.003075,,398,00:00:48  3 Nov 2020,40000
2020,President,polls-plus,11/3/2020,Trump,Biden,"",0,.005925,,397,00:00:48  3 Nov 2020,40000
2020,President,polls-plus,11/3/2020,Trump,Biden,"",.000025,.0031,,396,00:00:48  3 Nov 2020,40000
2020,President,polls-plus,11/3/2020,Trump,Biden,"",0,.005825,,395,00:00:48  3 Nov 2020,40000
2020,President,polls-plus,11/3/2020,Trump,Biden,"",0,.0067,,394,00:00:48  3 Nov 2020,40000
2020,President,polls-plus,11/3/2020,Trump,Biden,"",0,.00115,,393,00:00:48  3 Nov 2020,40000
2020,President,polls-plus,11/3/2020,Trump,Biden,"",0,.0027,,392,00:00:48  3 Nov 2020,40000
2020,President,polls-plus,11/3/2020,Trump,Biden,"",.000025,.0046,,391,00:00:48  3 Nov 2020,40000
2020,President,polls-plus,11/3/2020,Trump,Biden,"",0,.0024,,390,00:00:48  3 Nov 2020,40000
2020,President,polls-plus,11/3/2020,Trump,Biden,"",.000125,0,,39,00:00:48  3 Nov 2020,40000
2020,President,polls-plus,11/3/2020,Trump,Biden,"",.000025,.007475,,389,00:00:48  3 Nov 2020,40000
2020,President,polls-plus,11/3/2020,Trump,Biden,"",0,.01475,,388,00:00:48  3 Nov 2020,40000
2020,President,polls-plus,11/3/2020,Trump,Biden,"",0,.00425,,387,00:00:48  3 Nov 2020,40000
2020,President,polls-plus,11/3/2020,Trump,Biden,"",0,.002725,,386,00:00:48  3 Nov 2020,40000
2020,President,polls-plus,11/3/2020,Trump,Biden,"",0,.00165,,385,00:00:48  3 Nov 2020,40000
2020,President,polls-plus,11/3/2020,Trump,Biden,"",0,.002625,,384,00:00:48  3 Nov 2020,40000
2020,President,polls-plus,11/3/2020,Trump,Biden,"",0,.001975,,383,00:00:48  3 Nov 2020,40000
2020,President,polls-plus,11/3/2020,Trump,Biden,"",.000025,.0026,,382,00:00:48  3 Nov 2020,40000
2020,President,polls-plus,11/3/2020,Trump,Biden,"",0,.005575,,381,00:00:48  3 Nov 2020,40000
2020,President,polls-plus,11/3/2020,Trump,Biden,"",.000025,.002175,,380,00:00:48  3 Nov 2020,40000
2020,President,polls-plus,11/3/2020,Trump,Biden,"",.000225,0,,38,00:00:48  3 Nov 2020,40000
2020,President,polls-plus,11/3/2020,Trump,Biden,"",.000025,.0028,,379,00:00:48  3 Nov 2020,40000
2020,President,polls-plus,11/3/2020,Trump,Biden,"",0,.0111,,378,00:00:48  3 Nov 2020,40000
2020,President,polls-plus,11/3/2020,Trump,Biden,"",.000025,.0044,,377,00:00:48  3 Nov 2020,40000
2020,President,polls-plus,11/3/2020,Trump,Biden,"",0,.002125,,376,00:00:48  3 Nov 2020,40000
2020,President,polls-plus,11/3/2020,Trump,Biden,"",.000125,.020775,,375,00:00:48  3 Nov 2020,40000
2020,President,polls-plus,11/3/2020,Trump,Biden,"",0,.0057,,374,00:00:48  3 Nov 2020,40000
2020,President,polls-plus,11/3/2020,Trump,Biden,"",.00005,.005525,,373,00:00:48  3 Nov 2020,40000
2020,President,polls-plus,11/3/2020,Trump,Biden,"",0,.005625,,372,00:00:48  3 Nov 2020,40000
2020,President,polls-plus,11/3/2020,Trump,Biden,"",.000025,.0029,,371,00:00:48  3 Nov 2020,40000
2020,President,polls-plus,11/3/2020,Trump,Biden,"",.0001,.001625,,370,00:00:48  3 Nov 2020,40000
2020,President,polls-plus,11/3/2020,Trump,Biden,"",.00015,0,,37,00:00:48  3 Nov 2020,40000
2020,President,polls-plus,11/3/2020,Trump,Biden,"",.00005,.01235,,369,00:00:48  3 Nov 2020,40000
2020,President,polls-plus,11/3/2020,Trump,Biden,"",.000025,.0086,,368,00:00:48  3 Nov 2020,40000
2020,President,polls-plus,11/3/2020,Trump,Biden,"",.000075,.003025,,367,00:00:48  3 Nov 2020,40000
2020,President,polls-plus,11/3/2020,Trump,Biden,"",.000025,.00195,,366,00:00:48  3 Nov 2020,40000
2020,President,polls-plus,11/3/2020,Trump,Biden,"",.000025,.00245,,365,00:00:48  3 Nov 2020,40000
2020,President,polls-plus,11/3/2020,Trump,Biden,"",.000025,.00495,,364,00:00:48  3 Nov 2020,40000
2020,President,polls-plus,11/3/2020,Trump,Biden,"",.0002,.0032,,363,00:00:48  3 Nov 2020,40000
2020,President,polls-plus,11/3/2020,Trump,Biden,"",.000175,.0045,,362,00:00:48  3 Nov 2020,40000
2020,President,polls-plus,11/3/2020,Trump,Biden,"",0,.002625,,361,00:00:48  3 Nov 2020,40000
2020,President,polls-plus,11/3/2020,Trump,Biden,"",.0001,.0042,,360,00:00:48  3 Nov 2020,40000
2020,President,polls-plus,11/3/2020,Trump,Biden,"",.0002,0,,36,00:00:48  3 Nov 2020,40000
2020,President,polls-plus,11/3/2020,Trump,Biden,"",0,.008875,,359,00:00:48  3 Nov 2020,40000
2020,President,polls-plus,11/3/2020,Trump,Biden,"",.000075,.00625,,358,00:00:48  3 Nov 2020,40000
2020,President,polls-plus,11/3/2020,Trump,Biden,"",.00015,.00855,,357,00:00:48  3 Nov 2020,40000
2020,President,polls-plus,11/3/2020,Trump,Biden,"",.000275,.005575,,356,00:00:48  3 Nov 2020,40000
2020,President,polls-plus,11/3/2020,Trump,Biden,"",.00055,.00195,,355,00:00:48  3 Nov 2020,40000
2020,President,polls-plus,11/3/2020,Trump,Biden,"",.00005,.002875,,354,00:00:48  3 Nov 2020,40000
2020,President,polls-plus,11/3/2020,Trump,Biden,"",.000175,.008125,,353,00:00:48  3 Nov 2020,40000
2020,President,polls-plus,11/3/2020,Trump,Biden,"",.00005,.00425,,352,00:00:48  3 Nov 2020,40000
2020,President,polls-plus,11/3/2020,Trump,Biden,"",.00025,.010725,,351,00:00:48  3 Nov 2020,40000
2020,President,polls-plus,11/3/2020,Trump,Biden,"",.000275,.0174,,350,00:00:48  3 Nov 2020,40000
2020,President,polls-plus,11/3/2020,Trump,Biden,"",.0001,0,,35,00:00:48  3 Nov 2020,40000
2020,President,polls-plus,11/3/2020,Trump,Biden,"",.0002,.00575,,349,00:00:48  3 Nov 2020,40000
2020,President,polls-plus,11/3/2020,Trump,Biden,"",.0002,.003125,,348,00:00:48  3 Nov 2020,40000
2020,President,polls-plus,11/3/2020,Trump,Biden,"",.00015,.0037,,347,00:00:48  3 Nov 2020,40000
2020,President,polls-plus,11/3/2020,Trump,Biden,"",.00015,.004125,,346,00:00:48  3 Nov 2020,40000
2020,President,polls-plus,11/3/2020,Trump,Biden,"",.000075,.002725,,345,00:00:48  3 Nov 2020,40000
2020,President,polls-plus,11/3/2020,Trump,Biden,"",.00015,.005225,,344,00:00:48  3 Nov 2020,40000
2020,President,polls-plus,11/3/2020,Trump,Biden,"",.00025,.0028,,343,00:00:48  3 Nov 2020,40000
2020,President,polls-plus,11/3/2020,Trump,Biden,"",.00065,.00405,,342,00:00:48  3 Nov 2020,40000
2020,President,polls-plus,11/3/2020,Trump,Biden,"",.000175,.006075,,341,00:00:48  3 Nov 2020,40000
2020,President,polls-plus,11/3/2020,Trump,Biden,"",.000225,.006375,,340,00:00:48  3 Nov 2020,40000
2020,President,polls-plus,11/3/2020,Trump,Biden,"",.00005,0,,34,00:00:48  3 Nov 2020,40000
2020,President,polls-plus,11/3/2020,Trump,Biden,"",.00015,.00785,,339,00:00:48  3 Nov 2020,40000
2020,President,polls-plus,11/3/2020,Trump,Biden,"",.000275,.005675,,338,00:00:48  3 Nov 2020,40000
2020,President,polls-plus,11/3/2020,Trump,Biden,"",.0009,.003725,,337,00:00:48  3 Nov 2020,40000
2020,President,polls-plus,11/3/2020,Trump,Biden,"",.00035,.0039,,336,00:00:48  3 Nov 2020,40000
2020,President,polls-plus,11/3/2020,Trump,Biden,"",.00065,.012675,,335,00:00:48  3 Nov 2020,40000
2020,President,polls-plus,11/3/2020,Trump,Biden,"",.0002,.0094,,334,00:00:48  3 Nov 2020,40000
2020,President,polls-plus,11/3/2020,Trump,Biden,"",.000475,.005375,,333,00:00:48  3 Nov 2020,40000
2020,President,polls-plus,11/3/2020,Trump,Biden,"",.0001,.00215,,332,00:00:48  3 Nov 2020,40000
2020,President,polls-plus,11/3/2020,Trump,Biden,"",.000525,.0025,,331,00:00:48  3 Nov 2020,40000
2020,President,polls-plus,11/3/2020,Trump,Biden,"",.000225,.0032,,330,00:00:48  3 Nov 2020,40000
2020,President,polls-plus,11/3/2020,Trump,Biden,"",.0002,0,,33,00:00:48  3 Nov 2020,40000
2020,President,polls-plus,11/3/2020,Trump,Biden,"",.000525,.004725,,329,00:00:48  3 Nov 2020,40000
2020,President,polls-plus,11/3/2020,Trump,Biden,"",.002125,.003125,,328,00:00:48  3 Nov 2020,40000
2020,President,polls-plus,11/3/2020,Trump,Biden,"",.00035,.002775,,327,00:00:48  3 Nov 2020,40000
2020,President,polls-plus,11/3/2020,Trump,Biden,"",.001075,.00345,,326,00:00:48  3 Nov 2020,40000
2020,President,polls-plus,11/3/2020,Trump,Biden,"",.00055,.003575,,325,00:00:48  3 Nov 2020,40000
2020,President,polls-plus,11/3/2020,Trump,Biden,"",.0004,.006725,,324,00:00:48  3 Nov 2020,40000
2020,President,polls-plus,11/3/2020,Trump,Biden,"",.0005,.006875,,323,00:00:48  3 Nov 2020,40000
2020,President,polls-plus,11/3/2020,Trump,Biden,"",.0016,.00435,,322,00:00:48  3 Nov 2020,40000
2020,President,polls-plus,11/3/2020,Trump,Biden,"",.000725,.003575,,321,00:00:48  3 Nov 2020,40000
2020,President,polls-plus,11/3/2020,Trump,Biden,"",.0004,.006925,,320,00:00:48  3 Nov 2020,40000
2020,President,polls-plus,11/3/2020,Trump,Biden,"",.00015,0,,32,00:00:48  3 Nov 2020,40000
2020,President,polls-plus,11/3/2020,Trump,Biden,"",.000525,.0149,,319,00:00:48  3 Nov 2020,40000
2020,President,polls-plus,11/3/2020,Trump,Biden,"",.0013,.006875,,318,00:00:48  3 Nov 2020,40000
2020,President,polls-plus,11/3/2020,Trump,Biden,"",.00085,.002775,,317,00:00:48  3 Nov 2020,40000
2020,President,polls-plus,11/3/2020,Trump,Biden,"",.00135,.003,,316,00:00:48  3 Nov 2020,40000
2020,President,polls-plus,11/3/2020,Trump,Biden,"",.000475,.004525,,315,00:00:48  3 Nov 2020,40000
2020,President,polls-plus,11/3/2020,Trump,Biden,"",.0005,.003225,,314,00:00:48  3 Nov 2020,40000
2020,President,polls-plus,11/3/2020,Trump,Biden,"",.000525,.0064,,313,00:00:48  3 Nov 2020,40000
2020,President,polls-plus,11/3/2020,Trump,Biden,"",.003125,.003475,,312,00:00:48  3 Nov 2020,40000
2020,President,polls-plus,11/3/2020,Trump,Biden,"",.0011,.00315,,311,00:00:48  3 Nov 2020,40000
2020,President,polls-plus,11/3/2020,Trump,Biden,"",.0009,.004375,,310,00:00:48  3 Nov 2020,40000
2020,President,polls-plus,11/3/2020,Trump,Biden,"",0,0,,31,00:00:48  3 Nov 2020,40000
2020,President,polls-plus,11/3/2020,Trump,Biden,"",.000525,.0058,,309,00:00:48  3 Nov 2020,40000
2020,President,polls-plus,11/3/2020,Trump,Biden,"",.00095,.007225,,308,00:00:48  3 Nov 2020,40000
2020,President,polls-plus,11/3/2020,Trump,Biden,"",.000675,.0039,,307,00:00:48  3 Nov 2020,40000
2020,President,polls-plus,11/3/2020,Trump,Biden,"",.002075,.0049,,306,00:00:48  3 Nov 2020,40000
2020,President,polls-plus,11/3/2020,Trump,Biden,"",.0009,.0045,,305,00:00:48  3 Nov 2020,40000
2020,President,polls-plus,11/3/2020,Trump,Biden,"",.000775,.0035,,304,00:00:48  3 Nov 2020,40000
2020,President,polls-plus,11/3/2020,Trump,Biden,"",.0007,.002075,,303,00:00:48  3 Nov 2020,40000
2020,President,polls-plus,11/3/2020,Trump,Biden,"",.00305,.0023,,302,00:00:48  3 Nov 2020,40000
2020,President,polls-plus,11/3/2020,Trump,Biden,"",.00135,.002275,,301,00:00:48  3 Nov 2020,40000
2020,President,polls-plus,11/3/2020,Trump,Biden,"",.001575,.002025,,300,00:00:48  3 Nov 2020,40000
2020,President,polls-plus,11/3/2020,Trump,Biden,"",.00005,0,,30,00:00:48  3 Nov 2020,40000
2020,President,polls-plus,11/3/2020,Trump,Biden,"",.000025,0,,3,00:00:48  3 Nov 2020,40000
2020,President,polls-plus,11/3/2020,Trump,Biden,"",.000625,.002625,,299,00:00:48  3 Nov 2020,40000
2020,President,polls-plus,11/3/2020,Trump,Biden,"",.00045,.0047,,298,00:00:48  3 Nov 2020,40000
2020,President,polls-plus,11/3/2020,Trump,Biden,"",.00065,.003975,,297,00:00:48  3 Nov 2020,40000
2020,President,polls-plus,11/3/2020,Trump,Biden,"",.003675,.00285,,296,00:00:48  3 Nov 2020,40000
2020,President,polls-plus,11/3/2020,Trump,Biden,"",.002025,.00615,,295,00:00:48  3 Nov 2020,40000
2020,President,polls-plus,11/3/2020,Trump,Biden,"",.000825,.007425,,294,00:00:48  3 Nov 2020,40000
2020,President,polls-plus,11/3/2020,Trump,Biden,"",.0005,.003975,,293,00:00:48  3 Nov 2020,40000
2020,President,polls-plus,11/3/2020,Trump,Biden,"",.001425,.00235,,292,00:00:48  3 Nov 2020,40000
2020,President,polls-plus,11/3/2020,Trump,Biden,"",.001525,.005875,,291,00:00:48  3 Nov 2020,40000
2020,President,polls-plus,11/3/2020,Trump,Biden,"",.003175,.0108,,290,00:00:48  3 Nov 2020,40000
2020,President,polls-plus,11/3/2020,Trump,Biden,"",.0001,0,,29,00:00:48  3 Nov 2020,40000
2020,President,polls-plus,11/3/2020,Trump,Biden,"",.001125,.00625,,289,00:00:48  3 Nov 2020,40000
2020,President,polls-plus,11/3/2020,Trump,Biden,"",.00045,.0035,,288,00:00:48  3 Nov 2020,40000
2020,President,polls-plus,11/3/2020,Trump,Biden,"",.000725,.0025,,287,00:00:48  3 Nov 2020,40000
2020,President,polls-plus,11/3/2020,Trump,Biden,"",.0068,.002025,,286,00:00:48  3 Nov 2020,40000
2020,President,polls-plus,11/3/2020,Trump,Biden,"",.00495,.00225,,285,00:00:48  3 Nov 2020,40000
2020,President,polls-plus,11/3/2020,Trump,Biden,"",.00225,.002225,,284,00:00:48  3 Nov 2020,40000
2020,President,polls-plus,11/3/2020,Trump,Biden,"",.001275,.0019,,283,00:00:48  3 Nov 2020,40000
2020,President,polls-plus,11/3/2020,Trump,Biden,"",.001525,.00245,,282,00:00:48  3 Nov 2020,40000
2020,President,polls-plus,11/3/2020,Trump,Biden,"",.001475,.001575,,281,00:00:48  3 Nov 2020,40000
2020,President,polls-plus,11/3/2020,Trump,Biden,"",.007375,.0062,,280,00:00:48  3 Nov 2020,40000
2020,President,polls-plus,11/3/2020,Trump,Biden,"",.00015,0,,28,00:00:48  3 Nov 2020,40000
2020,President,polls-plus,11/3/2020,Trump,Biden,"",.005375,.015725,,279,00:00:48  3 Nov 2020,40000
2020,President,polls-plus,11/3/2020,Trump,Biden,"",.00105,.009225,,278,00:00:48  3 Nov 2020,40000
2020,President,polls-plus,11/3/2020,Trump,Biden,"",.0008,.00125,,277,00:00:48  3 Nov 2020,40000
2020,President,polls-plus,11/3/2020,Trump,Biden,"",.001625,.00135,,276,00:00:48  3 Nov 2020,40000
2020,President,polls-plus,11/3/2020,Trump,Biden,"",.00285,.00135,,275,00:00:48  3 Nov 2020,40000
2020,President,polls-plus,11/3/2020,Trump,Biden,"",.0016,.0041,,274,00:00:48  3 Nov 2020,40000
2020,President,polls-plus,11/3/2020,Trump,Biden,"",.00185,.008275,,273,00:00:48  3 Nov 2020,40000
2020,President,polls-plus,11/3/2020,Trump,Biden,"",.001125,.0037,,272,00:00:48  3 Nov 2020,40000
2020,President,polls-plus,11/3/2020,Trump,Biden,"",.001375,.001125,,271,00:00:48  3 Nov 2020,40000
2020,President,polls-plus,11/3/2020,Trump,Biden,"",.002625,.003075,,270,00:00:48  3 Nov 2020,40000
2020,President,polls-plus,11/3/2020,Trump,Biden,"",.000125,0,,27,00:00:48  3 Nov 2020,40000
2020,President,polls-plus,11/3/2020,Trump,Biden,"",.0045,.0045,,269,00:00:48  3 Nov 2020,40000
2020,President,polls-plus,11/3/2020,Trump,Biden,"",.003075,.002625,,268,00:00:48  3 Nov 2020,40000
2020,President,polls-plus,11/3/2020,Trump,Biden,"",.001125,.001375,,267,00:00:48  3 Nov 2020,40000
2020,President,polls-plus,11/3/2020,Trump,Biden,"",.0037,.001125,,266,00:00:48  3 Nov 2020,40000
2020,President,polls-plus,11/3/2020,Trump,Biden,"",.008275,.00185,,265,00:00:48  3 Nov 2020,40000
2020,President,polls-plus,11/3/2020,Trump,Biden,"",.0041,.0016,,264,00:00:48  3 Nov 2020,40000
2020,President,polls-plus,11/3/2020,Trump,Biden,"",.00135,.00285,,263,00:00:48  3 Nov 2020,40000
2020,President,polls-plus,11/3/2020,Trump,Biden,"",.00135,.001625,,262,00:00:48  3 Nov 2020,40000
2020,President,polls-plus,11/3/2020,Trump,Biden,"",.00125,.0008,,261,00:00:48  3 Nov 2020,40000
2020,President,polls-plus,11/3/2020,Trump,Biden,"",.009225,.00105,,260,00:00:48  3 Nov 2020,40000
2020,President,polls-plus,11/3/2020,Trump,Biden,"",.000075,0,,26,00:00:48  3 Nov 2020,40000
2020,President,polls-plus,11/3/2020,Trump,Biden,"",.015725,.005375,,259,00:00:48  3 Nov 2020,40000
2020,President,polls-plus,11/3/2020,Trump,Biden,"",.0062,.007375,,258,00:00:48  3 Nov 2020,40000
2020,President,polls-plus,11/3/2020,Trump,Biden,"",.001575,.001475,,257,00:00:48  3 Nov 2020,40000
2020,President,polls-plus,11/3/2020,Trump,Biden,"",.00245,.001525,,256,00:00:48  3 Nov 2020,40000
2020,President,polls-plus,11/3/2020,Trump,Biden,"",.0019,.001275,,255,00:00:48  3 Nov 2020,40000
2020,President,polls-plus,11/3/2020,Trump,Biden,"",.002225,.00225,,254,00:00:48  3 Nov 2020,40000
2020,President,polls-plus,11/3/2020,Trump,Biden,"",.00225,.00495,,253,00:00:48  3 Nov 2020,40000
2020,President,polls-plus,11/3/2020,Trump,Biden,"",.002025,.0068,,252,00:00:48  3 Nov 2020,40000
2020,President,polls-plus,11/3/2020,Trump,Biden,"",.0025,.000725,,251,00:00:48  3 Nov 2020,40000
2020,President,polls-plus,11/3/2020,Trump,Biden,"",.0035,.00045,,250,00:00:48  3 Nov 2020,40000
2020,President,polls-plus,11/3/2020,Trump,Biden,"",.000075,0,,25,00:00:48  3 Nov 2020,40000
2020,President,polls-plus,11/3/2020,Trump,Biden,"",.00625,.001125,,249,00:00:48  3 Nov 2020,40000
2020,President,polls-plus,11/3/2020,Trump,Biden,"",.0108,.003175,,248,00:00:48  3 Nov 2020,40000
2020,President,polls-plus,11/3/2020,Trump,Biden,"",.005875,.001525,,247,00:00:48  3 Nov 2020,40000
2020,President,polls-plus,11/3/2020,Trump,Biden,"",.00235,.001425,,246,00:00:48  3 Nov 2020,40000
2020,President,polls-plus,11/3/2020,Trump,Biden,"",.003975,.0005,,245,00:00:48  3 Nov 2020,40000
2020,President,polls-plus,11/3/2020,Trump,Biden,"",.007425,.000825,,244,00:00:48  3 Nov 2020,40000
2020,President,polls-plus,11/3/2020,Trump,Biden,"",.00615,.002025,,243,00:00:48  3 Nov 2020,40000
2020,President,polls-plus,11/3/2020,Trump,Biden,"",.00285,.003675,,242,00:00:48  3 Nov 2020,40000
2020,President,polls-plus,11/3/2020,Trump,Biden,"",.003975,.00065,,241,00:00:48  3 Nov 2020,40000
2020,President,polls-plus,11/3/2020,Trump,Biden,"",.0047,.00045,,240,00:00:48  3 Nov 2020,40000
2020,President,polls-plus,11/3/2020,Trump,Biden,"",.000075,0,,24,00:00:48  3 Nov 2020,40000
2020,President,polls-plus,11/3/2020,Trump,Biden,"",.002625,.000625,,239,00:00:48  3 Nov 2020,40000
2020,President,polls-plus,11/3/2020,Trump,Biden,"",.002025,.001575,,238,00:00:48  3 Nov 2020,40000
2020,President,polls-plus,11/3/2020,Trump,Biden,"",.002275,.00135,,237,00:00:48  3 Nov 2020,40000
2020,President,polls-plus,11/3/2020,Trump,Biden,"",.0023,.00305,,236,00:00:48  3 Nov 2020,40000
2020,President,polls-plus,11/3/2020,Trump,Biden,"",.002075,.0007,,235,00:00:48  3 Nov 2020,40000
2020,President,polls-plus,11/3/2020,Trump,Biden,"",.0035,.000775,,234,00:00:48  3 Nov 2020,40000
2020,President,polls-plus,11/3/2020,Trump,Biden,"",.0045,.0009,,233,00:00:48  3 Nov 2020,40000
2020,President,polls-plus,11/3/2020,Trump,Biden,"",.0049,.002075,,232,00:00:48  3 Nov 2020,40000
2020,President,polls-plus,11/3/2020,Trump,Biden,"",.0039,.000675,,231,00:00:48  3 Nov 2020,40000
2020,President,polls-plus,11/3/2020,Trump,Biden,"",.007225,.00095,,230,00:00:48  3 Nov 2020,40000
2020,President,polls-plus,11/3/2020,Trump,Biden,"",0,0,,23,00:00:48  3 Nov 2020,40000
2020,President,polls-plus,11/3/2020,Trump,Biden,"",.0058,.000525,,229,00:00:48  3 Nov 2020,40000
2020,President,polls-plus,11/3/2020,Trump,Biden,"",.004375,.0009,,228,00:00:48  3 Nov 2020,40000
2020,President,polls-plus,11/3/2020,Trump,Biden,"",.00315,.0011,,227,00:00:48  3 Nov 2020,40000
2020,President,polls-plus,11/3/2020,Trump,Biden,"",.003475,.003125,,226,00:00:48  3 Nov 2020,40000
2020,President,polls-plus,11/3/2020,Trump,Biden,"",.0064,.000525,,225,00:00:48  3 Nov 2020,40000
2020,President,polls-plus,11/3/2020,Trump,Biden,"",.003225,.0005,,224,00:00:48  3 Nov 2020,40000
2020,President,polls-plus,11/3/2020,Trump,Biden,"",.004525,.000475,,223,00:00:48  3 Nov 2020,40000
2020,President,polls-plus,11/3/2020,Trump,Biden,"",.003,.00135,,222,00:00:48  3 Nov 2020,40000
2020,President,polls-plus,11/3/2020,Trump,Biden,"",.002775,.00085,,221,00:00:48  3 Nov 2020,40000
2020,President,polls-plus,11/3/2020,Trump,Biden,"",.006875,.0013,,220,00:00:48  3 Nov 2020,40000
2020,President,polls-plus,11/3/2020,Trump,Biden,"",.000175,0,,22,00:00:48  3 Nov 2020,40000
2020,President,polls-plus,11/3/2020,Trump,Biden,"",.0149,.000525,,219,00:00:48  3 Nov 2020,40000
2020,President,polls-plus,11/3/2020,Trump,Biden,"",.006925,.0004,,218,00:00:48  3 Nov 2020,40000
2020,President,polls-plus,11/3/2020,Trump,Biden,"",.003575,.000725,,217,00:00:48  3 Nov 2020,40000
2020,President,polls-plus,11/3/2020,Trump,Biden,"",.00435,.0016,,216,00:00:48  3 Nov 2020,40000
2020,President,polls-plus,11/3/2020,Trump,Biden,"",.006875,.0005,,215,00:00:48  3 Nov 2020,40000
2020,President,polls-plus,11/3/2020,Trump,Biden,"",.006725,.0004,,214,00:00:48  3 Nov 2020,40000
2020,President,polls-plus,11/3/2020,Trump,Biden,"",.003575,.00055,,213,00:00:48  3 Nov 2020,40000
2020,President,polls-plus,11/3/2020,Trump,Biden,"",.00345,.001075,,212,00:00:48  3 Nov 2020,40000
2020,President,polls-plus,11/3/2020,Trump,Biden,"",.002775,.00035,,211,00:00:48  3 Nov 2020,40000
2020,President,polls-plus,11/3/2020,Trump,Biden,"",.003125,.002125,,210,00:00:48  3 Nov 2020,40000
2020,President,polls-plus,11/3/2020,Trump,Biden,"",.00005,0,,21,00:00:48  3 Nov 2020,40000
2020,President,polls-plus,11/3/2020,Trump,Biden,"",.004725,.000525,,209,00:00:48  3 Nov 2020,40000
2020,President,polls-plus,11/3/2020,Trump,Biden,"",.0032,.000225,,208,00:00:48  3 Nov 2020,40000
2020,President,polls-plus,11/3/2020,Trump,Biden,"",.0025,.000525,,207,00:00:48  3 Nov 2020,40000
2020,President,polls-plus,11/3/2020,Trump,Biden,"",.00215,.0001,,206,00:00:48  3 Nov 2020,40000
2020,President,polls-plus,11/3/2020,Trump,Biden,"",.005375,.000475,,205,00:00:48  3 Nov 2020,40000
2020,President,polls-plus,11/3/2020,Trump,Biden,"",.0094,.0002,,204,00:00:48  3 Nov 2020,40000
2020,President,polls-plus,11/3/2020,Trump,Biden,"",.012675,.00065,,203,00:00:48  3 Nov 2020,40000
2020,President,polls-plus,11/3/2020,Trump,Biden,"",.0039,.00035,,202,00:00:48  3 Nov 2020,40000
2020,President,polls-plus,11/3/2020,Trump,Biden,"",.003725,.0009,,201,00:00:48  3 Nov 2020,40000
2020,President,polls-plus,11/3/2020,Trump,Biden,"",.005675,.000275,,200,00:00:48  3 Nov 2020,40000
2020,President,polls-plus,11/3/2020,Trump,Biden,"",.000075,0,,20,00:00:48  3 Nov 2020,40000
2020,President,polls-plus,11/3/2020,Trump,Biden,"",.000025,0,,2,00:00:48  3 Nov 2020,40000
2020,President,polls-plus,11/3/2020,Trump,Biden,"",.00785,.00015,,199,00:00:48  3 Nov 2020,40000
2020,President,polls-plus,11/3/2020,Trump,Biden,"",.006375,.000225,,198,00:00:48  3 Nov 2020,40000
2020,President,polls-plus,11/3/2020,Trump,Biden,"",.006075,.000175,,197,00:00:48  3 Nov 2020,40000
2020,President,polls-plus,11/3/2020,Trump,Biden,"",.00405,.00065,,196,00:00:48  3 Nov 2020,40000
2020,President,polls-plus,11/3/2020,Trump,Biden,"",.0028,.00025,,195,00:00:48  3 Nov 2020,40000
2020,President,polls-plus,11/3/2020,Trump,Biden,"",.005225,.00015,,194,00:00:48  3 Nov 2020,40000
2020,President,polls-plus,11/3/2020,Trump,Biden,"",.002725,.000075,,193,00:00:48  3 Nov 2020,40000
2020,President,polls-plus,11/3/2020,Trump,Biden,"",.004125,.00015,,192,00:00:48  3 Nov 2020,40000
2020,President,polls-plus,11/3/2020,Trump,Biden,"",.0037,.00015,,191,00:00:48  3 Nov 2020,40000
2020,President,polls-plus,11/3/2020,Trump,Biden,"",.003125,.0002,,190,00:00:48  3 Nov 2020,40000
2020,President,polls-plus,11/3/2020,Trump,Biden,"",.0002,0,,19,00:00:48  3 Nov 2020,40000
2020,President,polls-plus,11/3/2020,Trump,Biden,"",.00575,.0002,,189,00:00:48  3 Nov 2020,40000
2020,President,polls-plus,11/3/2020,Trump,Biden,"",.0174,.000275,,188,00:00:48  3 Nov 2020,40000
2020,President,polls-plus,11/3/2020,Trump,Biden,"",.010725,.00025,,187,00:00:48  3 Nov 2020,40000
2020,President,polls-plus,11/3/2020,Trump,Biden,"",.00425,.00005,,186,00:00:48  3 Nov 2020,40000
2020,President,polls-plus,11/3/2020,Trump,Biden,"",.008125,.000175,,185,00:00:48  3 Nov 2020,40000
2020,President,polls-plus,11/3/2020,Trump,Biden,"",.002875,.00005,,184,00:00:48  3 Nov 2020,40000
2020,President,polls-plus,11/3/2020,Trump,Biden,"",.00195,.00055,,183,00:00:48  3 Nov 2020,40000
2020,President,polls-plus,11/3/2020,Trump,Biden,"",.005575,.000275,,182,00:00:48  3 Nov 2020,40000
2020,President,polls-plus,11/3/2020,Trump,Biden,"",.00855,.00015,,181,00:00:48  3 Nov 2020,40000
2020,President,polls-plus,11/3/2020,Trump,Biden,"",.00625,.000075,,180,00:00:48  3 Nov 2020,40000
2020,President,polls-plus,11/3/2020,Trump,Biden,"",.0001,0,,18,00:00:48  3 Nov 2020,40000
2020,President,polls-plus,11/3/2020,Trump,Biden,"",.008875,0,,179,00:00:48  3 Nov 2020,40000
2020,President,polls-plus,11/3/2020,Trump,Biden,"",.0042,.0001,,178,00:00:48  3 Nov 2020,40000
2020,President,polls-plus,11/3/2020,Trump,Biden,"",.002625,0,,177,00:00:48  3 Nov 2020,40000
2020,President,polls-plus,11/3/2020,Trump,Biden,"",.0045,.000175,,176,00:00:48  3 Nov 2020,40000
2020,President,polls-plus,11/3/2020,Trump,Biden,"",.0032,.0002,,175,00:00:48  3 Nov 2020,40000
2020,President,polls-plus,11/3/2020,Trump,Biden,"",.00495,.000025,,174,00:00:48  3 Nov 2020,40000
2020,President,polls-plus,11/3/2020,Trump,Biden,"",.00245,.000025,,173,00:00:48  3 Nov 2020,40000
2020,President,polls-plus,11/3/2020,Trump,Biden,"",.00195,.000025,,172,00:00:48  3 Nov 2020,40000
2020,President,polls-plus,11/3/2020,Trump,Biden,"",.003025,.000075,,171,00:00:48  3 Nov 2020,40000
2020,President,polls-plus,11/3/2020,Trump,Biden,"",.0086,.000025,,170,00:00:48  3 Nov 2020,40000
2020,President,polls-plus,11/3/2020,Trump,Biden,"",.00005,0,,17,00:00:48  3 Nov 2020,40000
2020,President,polls-plus,11/3/2020,Trump,Biden,"",.01235,.00005,,169,00:00:48  3 Nov 2020,40000
2020,President,polls-plus,11/3/2020,Trump,Biden,"",.001625,.0001,,168,00:00:48  3 Nov 2020,40000
2020,President,polls-plus,11/3/2020,Trump,Biden,"",.0029,.000025,,167,00:00:48  3 Nov 2020,40000
2020,President,polls-plus,11/3/2020,Trump,Biden,"",.005625,0,,166,00:00:48  3 Nov 2020,40000
2020,President,polls-plus,11/3/2020,Trump,Biden,"",.005525,.00005,,165,00:00:48  3 Nov 2020,40000
2020,President,polls-plus,11/3/2020,Trump,Biden,"",.0057,0,,164,00:00:48  3 Nov 2020,40000
2020,President,polls-plus,11/3/2020,Trump,Biden,"",.020775,.000125,,163,00:00:48  3 Nov 2020,40000
2020,President,polls-plus,11/3/2020,Trump,Biden,"",.002125,0,,162,00:00:48  3 Nov 2020,40000
2020,President,polls-plus,11/3/2020,Trump,Biden,"",.0044,.000025,,161,00:00:48  3 Nov 2020,40000
2020,President,polls-plus,11/3/2020,Trump,Biden,"",.0111,0,,160,00:00:48  3 Nov 2020,40000
2020,President,polls-plus,11/3/2020,Trump,Biden,"",.000025,0,,16,00:00:48  3 Nov 2020,40000
2020,President,polls-plus,11/3/2020,Trump,Biden,"",.0028,.000025,,159,00:00:48  3 Nov 2020,40000
2020,President,polls-plus,11/3/2020,Trump,Biden,"",.002175,.000025,,158,00:00:48  3 Nov 2020,40000
2020,President,polls-plus,11/3/2020,Trump,Biden,"",.005575,0,,157,00:00:48  3 Nov 2020,40000
2020,President,polls-plus,11/3/2020,Trump,Biden,"",.0026,.000025,,156,00:00:48  3 Nov 2020,40000
2020,President,polls-plus,11/3/2020,Trump,Biden,"",.001975,0,,155,00:00:48  3 Nov 2020,40000
2020,President,polls-plus,11/3/2020,Trump,Biden,"",.002625,0,,154,00:00:48  3 Nov 2020,40000
2020,President,polls-plus,11/3/2020,Trump,Biden,"",.00165,0,,153,00:00:48  3 Nov 2020,40000
2020,President,polls-plus,11/3/2020,Trump,Biden,"",.002725,0,,152,00:00:48  3 Nov 2020,40000
2020,President,polls-plus,11/3/2020,Trump,Biden,"",.00425,0,,151,00:00:48  3 Nov 2020,40000
2020,President,polls-plus,11/3/2020,Trump,Biden,"",.01475,0,,150,00:00:48  3 Nov 2020,40000
2020,President,polls-plus,11/3/2020,Trump,Biden,"",.000075,0,,15,00:00:48  3 Nov 2020,40000
2020,President,polls-plus,11/3/2020,Trump,Biden,"",.007475,.000025,,149,00:00:48  3 Nov 2020,40000
2020,President,polls-plus,11/3/2020,Trump,Biden,"",.0024,0,,148,00:00:48  3 Nov 2020,40000
2020,President,polls-plus,11/3/2020,Trump,Biden,"",.0046,.000025,,147,00:00:48  3 Nov 2020,40000
2020,President,polls-plus,11/3/2020,Trump,Biden,"",.0027,0,,146,00:00:48  3 Nov 2020,40000
2020,President,polls-plus,11/3/2020,Trump,Biden,"",.00115,0,,145,00:00:48  3 Nov 2020,40000
2020,President,polls-plus,11/3/2020,Trump,Biden,"",.0067,0,,144,00:00:48  3 Nov 2020,40000
2020,President,polls-plus,11/3/2020,Trump,Biden,"",.005825,0,,143,00:00:48  3 Nov 2020,40000
2020,President,polls-plus,11/3/2020,Trump,Biden,"",.0031,.000025,,142,00:00:48  3 Nov 2020,40000
2020,President,polls-plus,11/3/2020,Trump,Biden,"",.005925,0,,141,00:00:48  3 Nov 2020,40000
2020,President,polls-plus,11/3/2020,Trump,Biden,"",.003075,.000025,,140,00:00:48  3 Nov 2020,40000
2020,President,polls-plus,11/3/2020,Trump,Biden,"",.000075,0,,14,00:00:48  3 Nov 2020,40000
2020,President,polls-plus,11/3/2020,Trump,Biden,"",.0017,0,,139,00:00:48  3 Nov 2020,40000
2020,President,polls-plus,11/3/2020,Trump,Biden,"",.00345,.000025,,138,00:00:48  3 Nov 2020,40000
2020,President,polls-plus,11/3/2020,Trump,Biden,"",.002625,.000025,,137,00:00:48  3 Nov 2020,40000
2020,President,polls-plus,11/3/2020,Trump,Biden,"",.002875,0,,136,00:00:48  3 Nov 2020,40000
2020,President,polls-plus,11/3/2020,Trump,Biden,"",.002575,0,,135,00:00:48  3 Nov 2020,40000
2020,President,polls-plus,11/3/2020,Trump,Biden,"",.00255,0,,134,00:00:48  3 Nov 2020,40000
2020,President,polls-plus,11/3/2020,Trump,Biden,"",.001475,0,,133,00:00:48  3 Nov 2020,40000
2020,President,polls-plus,11/3/2020,Trump,Biden,"",.0119,0,,132,00:00:48  3 Nov 2020,40000
2020,President,polls-plus,11/3/2020,Trump,Biden,"",.0133,0,,131,00:00:48  3 Nov 2020,40000
2020,President,polls-plus,11/3/2020,Trump,Biden,"",.001,0,,130,00:00:48  3 Nov 2020,40000
2020,President,polls-plus,11/3/2020,Trump,Biden,"",.0001,0,,13,00:00:48  3 Nov 2020,40000
2020,President,polls-plus,11/3/2020,Trump,Biden,"",.002075,0,,129,00:00:48  3 Nov 2020,40000
2020,President,polls-plus,11/3/2020,Trump,Biden,"",.003975,0,,128,00:00:48  3 Nov 2020,40000
2020,President,polls-plus,11/3/2020,Trump,Biden,"",.0013,0,,127,00:00:48  3 Nov 2020,40000
2020,President,polls-plus,11/3/2020,Trump,Biden,"",.01365,0,,126,00:00:48  3 Nov 2020,40000
2020,President,polls-plus,11/3/2020,Trump,Biden,"",.049,0,,125,00:00:48  3 Nov 2020,40000
2020,President,polls-plus,11/3/2020,Trump,Biden,"",.00135,0,,124,00:00:48  3 Nov 2020,40000
2020,President,polls-plus,11/3/2020,Trump,Biden,"",.0041,.000025,,123,00:00:48  3 Nov 2020,40000
2020,President,polls-plus,11/3/2020,Trump,Biden,"",.025475,0,,122,00:00:48  3 Nov 2020,40000
2020,President,polls-plus,11/3/2020,Trump,Biden,"",.00195,0,,121,00:00:48  3 Nov 2020,40000
2020,President,polls-plus,11/3/2020,Trump,Biden,"",.002325,0,,120,00:00:48  3 Nov 2020,40000
2020,President,polls-plus,11/3/2020,Trump,Biden,"",.000125,0,,12,00:00:48  3 Nov 2020,40000
2020,President,polls-plus,11/3/2020,Trump,Biden,"",.01335,.000025,,119,00:00:48  3 Nov 2020,40000
2020,President,polls-plus,11/3/2020,Trump,Biden,"",.001725,0,,118,00:00:48  3 Nov 2020,40000
2020,President,polls-plus,11/3/2020,Trump,Biden,"",.003025,0,,117,00:00:48  3 Nov 2020,40000
2020,President,polls-plus,11/3/2020,Trump,Biden,"",.007475,0,,116,00:00:48  3 Nov 2020,40000
2020,President,polls-plus,11/3/2020,Trump,Biden,"",.002625,0,,115,00:00:48  3 Nov 2020,40000
2020,President,polls-plus,11/3/2020,Trump,Biden,"",.00195,.000025,,114,00:00:48  3 Nov 2020,40000
2020,President,polls-plus,11/3/2020,Trump,Biden,"",.0079,0,,113,00:00:48  3 Nov 2020,40000
2020,President,polls-plus,11/3/2020,Trump,Biden,"",.002875,0,,112,00:00:48  3 Nov 2020,40000
2020,President,polls-plus,11/3/2020,Trump,Biden,"",.002725,0,,111,00:00:48  3 Nov 2020,40000
2020,President,polls-plus,11/3/2020,Trump,Biden,"",.004675,0,,110,00:00:48  3 Nov 2020,40000
2020,President,polls-plus,11/3/2020,Trump,Biden,"",.0001,0,,11,00:00:48  3 Nov 2020,40000
2020,President,polls-plus,11/3/2020,Trump,Biden,"",.00235,0,,109,00:00:48  3 Nov 2020,40000
2020,President,polls-plus,11/3/2020,Trump,Biden,"",.002075,0,,108,00:00:48  3 Nov 2020,40000
2020,President,polls-plus,11/3/2020,Trump,Biden,"",.002225,0,,107,00:00:48  3 Nov 2020,40000
2020,President,polls-plus,11/3/2020,Trump,Biden,"",.00215,0,,106,00:00:48  3 Nov 2020,40000
2020,President,polls-plus,11/3/2020,Trump,Biden,"",.001175,0,,105,00:00:48  3 Nov 2020,40000
2020,President,polls-plus,11/3/2020,Trump,Biden,"",.002175,.000025,,104,00:00:48  3 Nov 2020,40000
2020,President,polls-plus,11/3/2020,Trump,Biden,"",.0025,0,,103,00:00:48  3 Nov 2020,40000
2020,President,polls-plus,11/3/2020,Trump,Biden,"",.00165,0,,102,00:00:48  3 Nov 2020,40000
2020,President,polls-plus,11/3/2020,Trump,Biden,"",.00115,0,,101,00:00:48  3 Nov 2020,40000
2020,President,polls-plus,11/3/2020,Trump,Biden,"",.00265,0,,100,00:00:48  3 Nov 2020,40000
2020,President,polls-plus,11/3/2020,Trump,Biden,"",.000025,0,,10,00:00:48  3 Nov 2020,40000
2020,President,polls-plus,11/3/2020,Trump,Biden,"",.000225,0,,1,00:00:48  3 Nov 2020,40000
2020,President,polls-plus,11/3/2020,Trump,Biden,"",.000025,0,,0,00:00:48  3 Nov 2020,40000
